country,academic_year,total_enrollment
Nigeria,1949/50,176
Nigeria,1954/55,268
Nigeria,1959/60,258
Nigeria,1964/65,1382
Nigeria,1969/70,1851
Nigeria,1974/75,7210
Nigeria,1979/80,16360
Nigeria,1984/85,18370
Nigeria,1989/90,4480
Nigeria,1994/95,2147
Nigeria,1999/00,3602
Nigeria,2000/01,3820
Nigeria,2001/02,4499
Nigeria,2002/03,5816
Nigeria,2003/04,6140
Nigeria,2004/05,6335
Nigeria,2005/06,6192
Nigeria,2006/07,5943
Nigeria,2007/08,6222
Nigeria,2008/09,6256
Nigeria,2009/10,6568
Nigeria,2010/11,7148
Nigeria,2011/12,7028
Nigeria,2012/13,7316
Nigeria,2013/14,7921
Nigeria,2014/15,9494
Nigeria,2015/16,10674
Nigeria,2016/17,11710
Nigeria,2017/18,12693
Nigeria,2018/19,13423
Nigeria,2019/20,13762
Nigeria,2020/21,12860
Nigeria,2021/22,14438
Nigeria,2022/23,17640
Nigeria,2023/24,20029
Nigeria,2024/25,21847
China,1964/65,5
China,1969/70,19
China,1974/75,22
China,1979/80,1000
China,1984/85,10100
China,1989/90,33390
China,1994/95,39403
China,1999/00,54466
China,2000/01,59939
China,2001/02,63211
China,2002/03,64757
China,2003/04,61765
China,2004/05,62523
China,2005/06,62582
China,2006/07,67723
China,2007/08,81127
China,2008/09,98235
China,2009/10,127628
China,2010/11,157558
China,2011/12,194029
China,2012/13,235597
China,2013/14,274439
China,2014/15,304040
China,2015/16,328547
China,2016/17,350755
China,2017/18,363341
China,2018/19,369548
China,2019/20,372532
China,2020/21,317299
China,2021/22,290086
China,2022/23,289526
China,2023/24,277398
China,2024/25,265919
Japan,1949/50,265
Japan,1954/55,1673
Japan,1959/60,2248
Japan,1964/65,3534
Japan,1969/70,4311
Japan,1974/75,5930
Japan,1979/80,12260
Japan,1984/85,13160
Japan,1989/90,29840
Japan,1994/95,45276
Japan,1999/00,46872
Japan,2000/01,46497
Japan,2001/02,46810
Japan,2002/03,45960
Japan,2003/04,40835
Japan,2004/05,42215
Japan,2005/06,38712
Japan,2006/07,35282
Japan,2007/08,33974
Japan,2008/09,29264
Japan,2009/10,24842
Japan,2010/11,21290
Japan,2011/12,19966
Japan,2012/13,19568
Japan,2013/14,19334
Japan,2014/15,19064
Japan,2015/16,19060
Japan,2016/17,18780
Japan,2017/18,18753
Japan,2018/19,18105
Japan,2019/20,17554
Japan,2020/21,11785
Japan,2021/22,13449
Japan,2022/23,16054
Japan,2023/24,13959
Japan,2024/25,13814
South Korea,1949/50,258
South Korea,1954/55,1197
South Korea,1959/60,2474
South Korea,1964/65,2604
South Korea,1969/70,3991
South Korea,1974/75,3390
South Korea,1979/80,4890
South Korea,1984/85,16430
South Korea,1989/90,21710
South Korea,1994/95,33599
South Korea,1999/00,41191
South Korea,2000/01,45685
South Korea,2001/02,49046
South Korea,2002/03,51519
South Korea,2003/04,52484
South Korea,2004/05,53358
South Korea,2005/06,59022
South Korea,2006/07,62392
South Korea,2007/08,69124
South Korea,2008/09,75065
South Korea,2009/10,72153
South Korea,2010/11,73351
South Korea,2011/12,72295
South Korea,2012/13,70627
South Korea,2013/14,68047
South Korea,2014/15,63710
South Korea,2015/16,61007
South Korea,2016/17,58663
South Korea,2017/18,54555
South Korea,2018/19,52250
South Korea,2019/20,49809
South Korea,2020/21,39491
South Korea,2021/22,40755
South Korea,2022/23,43847
South Korea,2023/24,43149
South Korea,2024/25,42293
Afghanistan,1949/50,48
Afghanistan,1954/55,82
Afghanistan,1959/60,99
Afghanistan,1964/65,159
Afghanistan,1969/70,268
Afghanistan,1974/75,290
Afghanistan,1979/80,270
Afghanistan,1984/85,138
Afghanistan,1989/90,220
Afghanistan,1994/95,111
Afghanistan,1999/00,110
Afghanistan,2000/01,75
Afghanistan,2001/02,92
Afghanistan,2002/03,102
Afghanistan,2003/04,109
Afghanistan,2004/05,155
Afghanistan,2005/06,175
Afghanistan,2006/07,268
Afghanistan,2007/08,338
Afghanistan,2008/09,407
Afghanistan,2009/10,426
Afghanistan,2010/11,429
Afghanistan,2011/12,371
Afghanistan,2012/13,449
Afghanistan,2013/14,450
Afghanistan,2014/15,471
Afghanistan,2015/16,498
Afghanistan,2016/17,506
Afghanistan,2017/18,476
Afghanistan,2018/19,418
Afghanistan,2019/20,422
Afghanistan,2020/21,354
Afghanistan,2021/22,420
Afghanistan,2022/23,682
Afghanistan,2023/24,702
Afghanistan,2024/25,712
India,1949/50,1359
India,1954/55,1673
India,1959/60,3780
India,1964/65,6814
India,1969/70,11329
India,1974/75,9660
India,1979/80,8760
India,1984/85,14620
India,1989/90,26240
India,1994/95,33537
India,1999/00,42337
India,2000/01,54664
India,2001/02,66836
India,2002/03,74603
India,2003/04,79736
India,2004/05,80466
India,2005/06,76503
India,2006/07,83833
India,2007/08,94563
India,2008/09,103260
India,2009/10,104897
India,2010/11,103895
India,2011/12,100270
India,2012/13,96754
India,2013/14,102673
India,2014/15,132888
India,2015/16,165918
India,2016/17,186267
India,2017/18,196271
India,2018/19,202014
India,2019/20,193124
India,2020/21,167582
India,2021/22,199182
India,2022/23,268923
India,2023/24,331602
India,2024/25,363019
Nepal,1954/55,4
Nepal,1959/60,34
Nepal,1964/65,84
Nepal,1969/70,109
Nepal,1974/75,58
Nepal,1979/80,180
Nepal,1984/85,320
Nepal,1989/90,610
Nepal,1994/95,1264
Nepal,1999/00,2411
Nepal,2000/01,2618
Nepal,2001/02,3019
Nepal,2002/03,3729
Nepal,2003/04,4384
Nepal,2004/05,4861
Nepal,2005/06,6061
Nepal,2006/07,7754
Nepal,2007/08,8936
Nepal,2008/09,11581
Nepal,2009/10,11233
Nepal,2010/11,10301
Nepal,2011/12,9621
Nepal,2012/13,8920
Nepal,2013/14,8155
Nepal,2014/15,8158
Nepal,2015/16,9662
Nepal,2016/17,11607
Nepal,2017/18,13270
Nepal,2018/19,13229
Nepal,2019/20,12730
Nepal,2020/21,11172
Nepal,2021/22,11799
Nepal,2022/23,15090
Nepal,2023/24,16742
Nepal,2024/25,24890
Vietnam,1954/55,101
Vietnam,1959/60,242
Vietnam,1964/65,399
Vietnam,1969/70,993
Vietnam,1974/75,2060
Vietnam,1979/80,5050
Vietnam,1984/85,3220
Vietnam,1989/90,1850
Vietnam,1994/95,794
Vietnam,1999/00,2266
Vietnam,2000/01,2022
Vietnam,2001/02,2531
Vietnam,2002/03,2722
Vietnam,2003/04,3165
Vietnam,2004/05,3670
Vietnam,2005/06,4597
Vietnam,2006/07,6036
Vietnam,2007/08,8769
Vietnam,2008/09,12823
Vietnam,2009/10,13112
Vietnam,2010/11,14888
Vietnam,2011/12,15572
Vietnam,2012/13,16098
Vietnam,2013/14,16579
Vietnam,2014/15,18722
Vietnam,2015/16,21403
Vietnam,2016/17,22438
Vietnam,2017/18,24325
Vietnam,2018/19,24392
Vietnam,2019/20,23777
Vietnam,2020/21,21631
Vietnam,2021/22,20713
Vietnam,2022/23,21900
Vietnam,2023/24,22066
Vietnam,2024/25,25584
Russia,1994/95,4832
Russia,1999/00,7025
Russia,2000/01,6858
Russia,2001/02,6643
Russia,2002/03,6238
Russia,2003/04,5532
Russia,2004/05,5073
Russia,2005/06,4801
Russia,2006/07,4751
Russia,2007/08,4906
Russia,2008/09,4908
Russia,2009/10,4827
Russia,2010/11,4692
Russia,2011/12,4805
Russia,2012/13,4898
Russia,2013/14,5138
Russia,2014/15,5562
Russia,2015/16,5444
Russia,2016/17,5412
Russia,2017/18,5518
Russia,2018/19,5292
Russia,2019/20,5293
Russia,2020/21,4805
Russia,2021/22,4802
Russia,2022/23,4913
Russia,2023/24,5071
Russia,2024/25,4948
Ukraine,1994/95,792
Ukraine,1999/00,1673
Ukraine,2000/01,1909
Ukraine,2001/02,2195
Ukraine,2002/03,2070
Ukraine,2003/04,2004
Ukraine,2004/05,1831
Ukraine,2005/06,1805
Ukraine,2006/07,1692
Ukraine,2007/08,1714
Ukraine,2008/09,1716
Ukraine,2009/10,1727
Ukraine,2010/11,1583
Ukraine,2011/12,1535
Ukraine,2012/13,1490
Ukraine,2013/14,1464
Ukraine,2014/15,1551
Ukraine,2015/16,1680
Ukraine,2016/17,1817
Ukraine,2017/18,1928
Ukraine,2018/19,1953
Ukraine,2019/20,1899
Ukraine,2020/21,1739
Ukraine,2021/22,1835
Ukraine,2022/23,2072
Ukraine,2023/24,2183
Ukraine,2024/25,2346
Mexico,1949/50,825
Mexico,1954/55,1247
Mexico,1959/60,1356
Mexico,1964/65,1370
Mexico,1969/70,2501
Mexico,1974/75,4000
Mexico,1979/80,5650
Mexico,1984/85,5750
Mexico,1989/90,6540
Mexico,1994/95,9003
Mexico,1999/00,10607
Mexico,2000/01,10670
Mexico,2001/02,12518
Mexico,2002/03,12801
Mexico,2003/04,13329
Mexico,2004/05,13063
Mexico,2005/06,13931
Mexico,2006/07,13826
Mexico,2007/08,14837
Mexico,2008/09,14850
Mexico,2009/10,13450
Mexico,2010/11,13713
Mexico,2011/12,13893
Mexico,2012/13,14199
Mexico,2013/14,14779
Mexico,2014/15,17052
Mexico,2015/16,16733
Mexico,2016/17,16835
Mexico,2017/18,15468
Mexico,2018/19,15229
Mexico,2019/20,14348
Mexico,2020/21,12986
Mexico,2021/22,14500
Mexico,2022/23,14541
Mexico,2023/24,15474
Mexico,2024/25,15652
Brazil,1949/50,423
Brazil,1954/55,507
Brazil,1959/60,473
Brazil,1964/65,691
Brazil,1969/70,1349
Brazil,1974/75,1970
Brazil,1979/80,2910
Brazil,1984/85,2790
Brazil,1989/90,3730
Brazil,1994/95,5017
Brazil,1999/00,8600
Brazil,2000/01,8846
Brazil,2001/02,8972
Brazil,2002/03,8388
Brazil,2003/04,7799
Brazil,2004/05,7244
Brazil,2005/06,7009
Brazil,2006/07,7126
Brazil,2007/08,7578
Brazil,2008/09,8767
Brazil,2009/10,8786
Brazil,2010/11,8777
Brazil,2011/12,9029
Brazil,2012/13,10868
Brazil,2013/14,13286
Brazil,2014/15,23675
Brazil,2015/16,19370
Brazil,2016/17,13089
Brazil,2017/18,14620
Brazil,2018/19,16059
Brazil,2019/20,16671
Brazil,2020/21,14000
Brazil,2021/22,14897
Brazil,2022/23,16025
Brazil,2023/24,16877
Brazil,2024/25,17277
Iran,1949/50,570
Iran,1954/55,997
Iran,1959/60,2507
Iran,1964/65,3719
Iran,1969/70,5175
Iran,1974/75,13780
Iran,1979/80,51310
Iran,1984/85,16640
Iran,1989/90,7440
Iran,1994/95,2896
Iran,1999/00,1885
Iran,2000/01,1844
Iran,2001/02,2216
Iran,2002/03,2258
Iran,2003/04,2321
Iran,2004/05,2251
Iran,2005/06,2420
Iran,2006/07,2795
Iran,2007/08,3060
Iran,2008/09,3533
Iran,2009/10,4731
Iran,2010/11,5626
Iran,2011/12,6982
Iran,2012/13,8744
Iran,2013/14,10194
Iran,2014/15,11338
Iran,2015/16,12269
Iran,2016/17,12643
Iran,2017/18,12783
Iran,2018/19,12142
Iran,2019/20,11451
Iran,2020/21,9614
Iran,2021/22,9295
Iran,2022/23,10812
Iran,2023/24,12430
Iran,2024/25,12656
Iraq,1949/50,499
Iraq,1954/55,650
Iraq,1959/60,675
Iraq,1964/65,919
Iraq,1969/70,512
Iraq,1974/75,420
Iraq,1979/80,1220
Iraq,1984/85,1550
Iraq,1989/90,770
Iraq,1994/95,255
Iraq,1999/00,112
Iraq,2000/01,155
Iraq,2001/02,147
Iraq,2002/03,127
Iraq,2003/04,120
Iraq,2004/05,142
Iraq,2005/06,190
Iraq,2006/07,262
Iraq,2007/08,307
Iraq,2008/09,359
Iraq,2009/10,423
Iraq,2010/11,616
Iraq,2011/12,809
Iraq,2012/13,1074
Iraq,2013/14,1491
Iraq,2014/15,1727
Iraq,2015/16,1901
Iraq,2016/17,1698
Iraq,2017/18,1438
Iraq,2018/19,1237
Iraq,2019/20,965
Iraq,2020/21,771
Iraq,2021/22,597
Iraq,2022/23,544
Iraq,2023/24,476
Iraq,2024/25,572
Israel,1949/50,251
Israel,1954/55,790
Israel,1959/60,807
Israel,1964/65,1539
Israel,1969/70,2288
Israel,1974/75,2390
Israel,1979/80,2730
Israel,1984/85,2480
Israel,1989/90,2910
Israel,1994/95,2692
Israel,1999/00,3238
Israel,2000/01,3402
Israel,2001/02,3458
Israel,2002/03,3521
Israel,2003/04,3474
Israel,2004/05,3323
Israel,2005/06,3419
Israel,2006/07,3269
Israel,2007/08,3004
Israel,2008/09,3060
Israel,2009/10,2778
Israel,2010/11,2701
Israel,2011/12,2490
Israel,2012/13,2430
Israel,2013/14,2457
Israel,2014/15,2370
Israel,2015/16,2343
Israel,2016/17,2393
Israel,2017/18,2327
Israel,2018/19,2392
Israel,2019/20,2226
Israel,2020/21,1844
Israel,2021/22,2027
Israel,2022/23,2019
Israel,2023/24,2167
Israel,2024/25,2266
Canada,1949/50,4362
Canada,1954/55,4655
Canada,1959/60,5679
Canada,1964/65,9253
Canada,1969/70,13318
Canada,1974/75,8430
Canada,1979/80,15130
Canada,1984/85,15370
Canada,1989/90,17870
Canada,1994/95,22747
Canada,1999/00,23544
Canada,2000/01,25279
Canada,2001/02,26514
Canada,2002/03,26513
Canada,2003/04,27017
Canada,2004/05,28140
Canada,2005/06,28202
Canada,2006/07,28280
Canada,2007/08,29051
Canada,2008/09,29697
Canada,2009/10,28145
Canada,2010/11,27546
Canada,2011/12,26821
Canada,2012/13,27357
Canada,2013/14,28304
Canada,2014/15,27240
Canada,2015/16,26973
Canada,2016/17,27065
Canada,2017/18,25909
Canada,2018/19,26122
Canada,2019/20,25992
Canada,2020/21,25143
Canada,2021/22,27013
Canada,2022/23,27876
Canada,2023/24,28998
Canada,2024/25,29903
