country,academic_year,academic_level,enrollment
Nigeria,2000/01,Under-graduate,2657
Nigeria,2000/01,Graduate,1021
Nigeria,2000/01,Other,142
Nigeria,2001/02,Under-graduate,3059
Nigeria,2001/02,Graduate,1308
Nigeria,2001/02,Other,132
Nigeria,2002/03,Under-graduate,4043
Nigeria,2002/03,Graduate,1622
Nigeria,2002/03,Other,150
Nigeria,2003/04,Under-graduate,4287
Nigeria,2003/04,Graduate,1680
Nigeria,2003/04,Other,173
Nigeria,2004/05,Under-graduate,4276
Nigeria,2004/05,Graduate,1778
Nigeria,2004/05,Other,281
Nigeria,2005/06,Under-graduate,4102
Nigeria,2005/06,Graduate,1819
Nigeria,2005/06,Other,271
Nigeria,2006/07,Under-graduate,3569
Nigeria,2006/07,Graduate,1820
Nigeria,2007/08,Under-graduate,3745
Nigeria,2007/08,Graduate,1968
Nigeria,2008/09,Under-graduate,3513
Nigeria,2008/09,Graduate,2153
Nigeria,2009/10,Under-graduate,3498
Nigeria,2009/10,Graduate,2327
Nigeria,2010/11,Under-graduate,3772
Nigeria,2010/11,Graduate,2454
Nigeria,2011/12,Under-graduate,3577
Nigeria,2011/12,Graduate,2522
Nigeria,2012/13,Under-graduate,3707
Nigeria,2012/13,Graduate,2551
Nigeria,2013/14,Under-graduate,4038
Nigeria,2013/14,Graduate,2771
Nigeria,2014/15,Under-graduate,4770
Nigeria,2014/15,Graduate,3339
Nigeria,2015/16,Under-graduate,5424
Nigeria,2015/16,Graduate,3803
Nigeria,2016/17,Under-graduate,5798
Nigeria,2016/17,Graduate,4239
Nigeria,2017/18,Under-graduate,5887
Nigeria,2017/18,Graduate,4762
Nigeria,2018/19,Under-graduate,5689
Nigeria,2018/19,Graduate,5274
Nigeria,2019/20,Under-graduate,5381
Nigeria,2019/20,Graduate,5565
Nigeria,2020/21,Under-graduate,4827
Nigeria,2020/21,Graduate,5350
Nigeria,2021/22,Under-graduate,4529
Nigeria,2021/22,Graduate,7212
Nigeria,2022/23,Under-graduate,4804
Nigeria,2022/23,Graduate,9555
Nigeria,2023/24,Under-graduate,5214
Nigeria,2023/24,Graduate,11206
Nigeria,2024/25,Under-graduate,5677
Nigeria,2024/25,Graduate,11617
China,2000/01,Under-graduate,8252
China,2000/01,Graduate,48029
China,2000/01,Other,3658
China,2001/02,Under-graduate,8659
China,2001/02,Graduate,50969
China,2001/02,Other,3583
China,2002/03,Under-graduate,9484
China,2002/03,Graduate,52235
China,2002/03,Other,3038
China,2003/04,Under-graduate,8034
China,2003/04,Graduate,50796
China,2003/04,Other,2935
China,2004/05,Under-graduate,8299
China,2004/05,Graduate,49293
China,2004/05,Other,4931
China,2005/06,Under-graduate,9304
China,2005/06,Graduate,47617
China,2005/06,Other,5661
China,2006/07,Under-graduate,9988
China,2006/07,Graduate,47968
China,2007/08,Under-graduate,16450
China,2007/08,Graduate,53047
China,2008/09,Under-graduate,26275
China,2008/09,Graduate,57452
China,2009/10,Under-graduate,39921
China,2009/10,Graduate,66453
China,2010/11,Under-graduate,56976
China,2010/11,Graduate,76830
China,2011/12,Under-graduate,74516
China,2011/12,Graduate,88429
China,2012/13,Under-graduate,93789
China,2012/13,Graduate,103505
China,2013/14,Under-graduate,110550
China,2013/14,Graduate,115727
China,2014/15,Under-graduate,124552
China,2014/15,Graduate,120331
China,2015/16,Under-graduate,135629
China,2015/16,Graduate,123250
China,2016/17,Under-graduate,142851
China,2016/17,Graduate,128320
China,2017/18,Under-graduate,148593
China,2017/18,Graduate,130843
China,2018/19,Under-graduate,148880
China,2018/19,Graduate,133396
China,2019/20,Under-graduate,148160
China,2019/20,Graduate,137096
China,2020/21,Under-graduate,125616
China,2020/21,Graduate,118859
China,2021/22,Under-graduate,109492
China,2021/22,Graduate,123182
China,2022/23,Under-graduate,100349
China,2022/23,Graduate,126028
China,2023/24,Under-graduate,87551
China,2023/24,Graduate,122778
China,2024/25,Under-graduate,78583
China,2024/25,Graduate,120229
Japan,2000/01,Under-graduate,32136
Japan,2000/01,Graduate,8560
Japan,2000/01,Other,5800
Japan,2001/02,Under-graduate,31588
Japan,2001/02,Graduate,9691
Japan,2001/02,Other,5531
Japan,2002/03,Under-graduate,31489
Japan,2002/03,Graduate,9516
Japan,2002/03,Other,4955
Japan,2003/04,Under-graduate,27925
Japan,2003/04,Graduate,8681
Japan,2003/04,Other,4229
Japan,2004/05,Under-graduate,28708
Japan,2004/05,Graduate,8497
Japan,2004/05,Other,5010
Japan,2005/06,Under-graduate,24759
Japan,2005/06,Graduate,8025
Japan,2005/06,Other,5928
Japan,2006/07,Under-graduate,22247
Japan,2006/07,Graduate,7008
Japan,2007/08,Under-graduate,20831
Japan,2007/08,Graduate,6878
Japan,2008/09,Under-graduate,16770
Japan,2008/09,Graduate,6287
Japan,2009/10,Under-graduate,13063
Japan,2009/10,Graduate,5390
Japan,2010/11,Under-graduate,10544
Japan,2010/11,Graduate,4650
Japan,2011/12,Under-graduate,9359
Japan,2011/12,Graduate,4403
Japan,2012/13,Under-graduate,9126
Japan,2012/13,Graduate,3944
Japan,2013/14,Under-graduate,9155
Japan,2013/14,Graduate,3562
Japan,2014/15,Under-graduate,8877
Japan,2014/15,Graduate,3290
Japan,2015/16,Under-graduate,9285
Japan,2015/16,Graduate,3125
Japan,2016/17,Under-graduate,9095
Japan,2016/17,Graduate,2967
Japan,2017/18,Under-graduate,9190
Japan,2017/18,Graduate,2918
Japan,2018/19,Under-graduate,9001
Japan,2018/19,Graduate,2875
Japan,2019/20,Under-graduate,8684
Japan,2019/20,Graduate,2774
Japan,2020/21,Under-graduate,7243
Japan,2020/21,Graduate,2678
Japan,2021/22,Under-graduate,7008
Japan,2021/22,Graduate,3290
Japan,2022/23,Under-graduate,7191
Japan,2022/23,Graduate,3516
Japan,2023/24,Under-graduate,6453
Japan,2023/24,Graduate,2888
Japan,2024/25,Under-graduate,6327
Japan,2024/25,Graduate,2744
South Korea,2000/01,Under-graduate,18781
South Korea,2000/01,Graduate,21568
South Korea,2000/01,Other,5336
South Korea,2001/02,Under-graduate,19786
South Korea,2001/02,Graduate,23676
South Korea,2001/02,Other,5585
South Korea,2002/03,Under-graduate,21774
South Korea,2002/03,Graduate,24616
South Korea,2002/03,Other,5128
South Korea,2003/04,Under-graduate,22727
South Korea,2003/04,Graduate,24757
South Korea,2003/04,Other,5000
South Korea,2004/05,Under-graduate,23432
South Korea,2004/05,Graduate,24122
South Korea,2004/05,Other,5804
South Korea,2005/06,Under-graduate,26946
South Korea,2005/06,Graduate,24414
South Korea,2005/06,Other,7662
South Korea,2006/07,Under-graduate,28228
South Korea,2006/07,Graduate,23950
South Korea,2007/08,Under-graduate,32934
South Korea,2007/08,Graduate,24697
South Korea,2008/09,Under-graduate,37078
South Korea,2008/09,Graduate,25463
South Korea,2009/10,Under-graduate,36234
South Korea,2009/10,Graduate,23386
South Korea,2010/11,Under-graduate,37944
South Korea,2010/11,Graduate,22486
South Korea,2011/12,Under-graduate,38232
South Korea,2011/12,Graduate,21260
South Korea,2012/13,Under-graduate,38094
South Korea,2012/13,Graduate,19916
South Korea,2013/14,Under-graduate,36992
South Korea,2013/14,Graduate,18894
South Korea,2014/15,Under-graduate,34651
South Korea,2014/15,Graduate,17605
South Korea,2015/16,Under-graduate,32695
South Korea,2015/16,Graduate,16613
South Korea,2016/17,Under-graduate,30080
South Korea,2016/17,Graduate,16471
South Korea,2017/18,Under-graduate,27638
South Korea,2017/18,Graduate,15572
South Korea,2018/19,Under-graduate,25161
South Korea,2018/19,Graduate,15518
South Korea,2019/20,Under-graduate,23415
South Korea,2019/20,Graduate,15219
South Korea,2020/21,Under-graduate,17743
South Korea,2020/21,Graduate,14238
South Korea,2021/22,Under-graduate,18262
South Korea,2021/22,Graduate,14915
South Korea,2022/23,Under-graduate,19306
South Korea,2022/23,Graduate,15305
South Korea,2023/24,Under-graduate,17760
South Korea,2023/24,Graduate,14930
South Korea,2024/25,Under-graduate,16650
South Korea,2024/25,Graduate,14836
Afghanistan,2000/01,Under-graduate,57
Afghanistan,2000/01,Graduate,11
Afghanistan,2000/01,Other,7
Afghanistan,2001/02,Under-graduate,75
Afghanistan,2001/02,Graduate,13
Afghanistan,2001/02,Other,4
Afghanistan,2002/03,Under-graduate,84
Afghanistan,2002/03,Graduate,14
Afghanistan,2002/03,Other,4
Afghanistan,2003/04,Under-graduate,81
Afghanistan,2003/04,Graduate,19
Afghanistan,2003/04,Other,9
Afghanistan,2004/05,Under-graduate,90
Afghanistan,2004/05,Graduate,27
Afghanistan,2004/05,Other,38
Afghanistan,2005/06,Under-graduate,86
Afghanistan,2005/06,Graduate,37
Afghanistan,2005/06,Other,52
Afghanistan,2006/07,Under-graduate,167
Afghanistan,2006/07,Graduate,55
Afghanistan,2007/08,Under-graduate,179
Afghanistan,2007/08,Graduate,123
Afghanistan,2008/09,Under-graduate,221
Afghanistan,2008/09,Graduate,154
Afghanistan,2009/10,Under-graduate,199
Afghanistan,2009/10,Graduate,185
Afghanistan,2010/11,Under-graduate,170
Afghanistan,2010/11,Graduate,170
Afghanistan,2011/12,Under-graduate,166
Afghanistan,2011/12,Graduate,155
Afghanistan,2012/13,Under-graduate,192
Afghanistan,2012/13,Graduate,191
Afghanistan,2013/14,Under-graduate,204
Afghanistan,2013/14,Graduate,201
Afghanistan,2014/15,Under-graduate,205
Afghanistan,2014/15,Graduate,227
Afghanistan,2015/16,Under-graduate,214
Afghanistan,2015/16,Graduate,240
Afghanistan,2016/17,Under-graduate,229
Afghanistan,2016/17,Graduate,232
Afghanistan,2017/18,Under-graduate,171
Afghanistan,2017/18,Graduate,230
Afghanistan,2018/19,Under-graduate,155
Afghanistan,2018/19,Graduate,197
Afghanistan,2019/20,Under-graduate,145
Afghanistan,2019/20,Graduate,228
Afghanistan,2020/21,Under-graduate,133
Afghanistan,2020/21,Graduate,171
Afghanistan,2021/22,Under-graduate,140
Afghanistan,2021/22,Graduate,219
Afghanistan,2022/23,Under-graduate,252
Afghanistan,2022/23,Graduate,325
Afghanistan,2023/24,Under-graduate,315
Afghanistan,2023/24,Graduate,287
Afghanistan,2024/25,Under-graduate,374
Afghanistan,2024/25,Graduate,278
India,2000/01,Under-graduate,12259
India,2000/01,Graduate,39797
India,2000/01,Other,2608
India,2001/02,Under-graduate,14321
India,2001/02,Graduate,49730
India,2001/02,Other,2785
India,2002/03,Under-graduate,13813
India,2002/03,Graduate,58322
India,2002/03,Other,2467
India,2003/04,Under-graduate,13531
India,2003/04,Graduate,63013
India,2003/04,Other,3192
India,2004/05,Under-graduate,16443
India,2004/05,Graduate,57976
India,2004/05,Other,6047
India,2005/06,Under-graduate,12726
India,2005/06,Graduate,56397
India,2005/06,Other,7380
India,2006/07,Under-graduate,12581
India,2006/07,Graduate,59570
India,2007/08,Under-graduate,13639
India,2007/08,Graduate,68069
India,2008/09,Under-graduate,15600
India,2008/09,Graduate,71019
India,2009/10,Under-graduate,15192
India,2009/10,Graduate,68290
India,2010/11,Under-graduate,14004
India,2010/11,Graduate,63624
India,2011/12,Under-graduate,13059
India,2011/12,Graduate,59014
India,2012/13,Under-graduate,12740
India,2012/13,Graduate,54607
India,2013/14,Under-graduate,12677
India,2013/14,Graduate,61058
India,2014/15,Under-graduate,16521
India,2014/15,Graduate,85055
India,2015/16,Under-graduate,19302
India,2015/16,Graduate,101850
India,2016/17,Under-graduate,21977
India,2016/17,Graduate,104899
India,2017/18,Under-graduate,23346
India,2017/18,Graduate,95651
India,2018/19,Under-graduate,24813
India,2018/19,Graduate,90333
India,2019/20,Under-graduate,25032
India,2019/20,Graduate,85160
India,2020/21,Under-graduate,23734
India,2020/21,Graduate,68869
India,2021/22,Under-graduate,27545
India,2021/22,Graduate,102024
India,2022/23,Under-graduate,31954
India,2022/23,Graduate,165936
India,2023/24,Under-graduate,36053
India,2023/24,Graduate,196567
India,2024/25,Under-graduate,40135
India,2024/25,Graduate,177892
Nepal,2000/01,Under-graduate,1892
Nepal,2000/01,Graduate,609
Nepal,2000/01,Other,117
Nepal,2001/02,Under-graduate,2141
Nepal,2001/02,Graduate,776
Nepal,2001/02,Other,103
Nepal,2002/03,Under-graduate,2665
Nepal,2002/03,Graduate,956
Nepal,2002/03,Other,108
Nepal,2003/04,Under-graduate,3017
Nepal,2003/04,Graduate,1208
Nepal,2003/04,Other,159
Nepal,2004/05,Under-graduate,3217
Nepal,2004/05,Graduate,1427
Nepal,2004/05,Other,217
Nepal,2005/06,Under-graduate,4037
Nepal,2005/06,Graduate,1734
Nepal,2005/06,Other,290
Nepal,2006/07,Under-graduate,5187
Nepal,2006/07,Graduate,2033
Nepal,2007/08,Under-graduate,5720
Nepal,2007/08,Graduate,2569
Nepal,2008/09,Under-graduate,7894
Nepal,2008/09,Graduate,2792
Nepal,2009/10,Under-graduate,7209
Nepal,2009/10,Graduate,2897
Nepal,2010/11,Under-graduate,6068
Nepal,2010/11,Graduate,2921
Nepal,2011/12,Under-graduate,5132
Nepal,2011/12,Graduate,2822
Nepal,2012/13,Under-graduate,4160
Nepal,2012/13,Graduate,3068
Nepal,2013/14,Under-graduate,3370
Nepal,2013/14,Graduate,3039
Nepal,2014/15,Under-graduate,3332
Nepal,2014/15,Graduate,3309
Nepal,2015/16,Under-graduate,4394
Nepal,2015/16,Graduate,3825
Nepal,2016/17,Under-graduate,6256
Nepal,2016/17,Graduate,3991
Nepal,2017/18,Under-graduate,7378
Nepal,2017/18,Graduate,4537
Nepal,2018/19,Under-graduate,7471
Nepal,2018/19,Graduate,4037
Nepal,2019/20,Under-graduate,6513
Nepal,2019/20,Graduate,3871
Nepal,2020/21,Under-graduate,5327
Nepal,2020/21,Graduate,3655
Nepal,2021/22,Under-graduate,4518
Nepal,2021/22,Graduate,4576
Nepal,2022/23,Under-graduate,6288
Nepal,2022/23,Graduate,5542
Nepal,2023/24,Under-graduate,7461
Nepal,2023/24,Graduate,5882
Nepal,2024/25,Under-graduate,12642
Nepal,2024/25,Graduate,8350
Vietnam,2000/01,Under-graduate,1421
Vietnam,2000/01,Graduate,488
Vietnam,2000/01,Other,113
Vietnam,2001/02,Under-graduate,1852
Vietnam,2001/02,Graduate,563
Vietnam,2001/02,Other,115
Vietnam,2002/03,Under-graduate,1924
Vietnam,2002/03,Graduate,649
Vietnam,2002/03,Other,149
Vietnam,2003/04,Under-graduate,2226
Vietnam,2003/04,Graduate,815
Vietnam,2003/04,Other,124
Vietnam,2004/05,Under-graduate,2429
Vietnam,2004/05,Graduate,1097
Vietnam,2004/05,Other,144
Vietnam,2005/06,Under-graduate,3043
Vietnam,2005/06,Graduate,1288
Vietnam,2005/06,Other,266
Vietnam,2006/07,Under-graduate,4122
Vietnam,2006/07,Graduate,1344
Vietnam,2007/08,Under-graduate,5945
Vietnam,2007/08,Graduate,1649
Vietnam,2008/09,Under-graduate,9247
Vietnam,2008/09,Graduate,1944
Vietnam,2009/10,Under-graduate,8864
Vietnam,2009/10,Graduate,2454
Vietnam,2010/11,Under-graduate,11054
Vietnam,2010/11,Graduate,2420
Vietnam,2011/12,Under-graduate,11244
Vietnam,2011/12,Graduate,2649
Vietnam,2012/13,Under-graduate,11382
Vietnam,2012/13,Graduate,2785
Vietnam,2013/14,Under-graduate,11886
Vietnam,2013/14,Graduate,2562
Vietnam,2014/15,Under-graduate,12449
Vietnam,2014/15,Graduate,2931
Vietnam,2015/16,Under-graduate,14390
Vietnam,2015/16,Graduate,3231
Vietnam,2016/17,Under-graduate,15266
Vietnam,2016/17,Graduate,3503
Vietnam,2017/18,Under-graduate,16933
Vietnam,2017/18,Graduate,3703
Vietnam,2018/19,Under-graduate,17048
Vietnam,2018/19,Graduate,3714
Vietnam,2019/20,Under-graduate,16589
Vietnam,2019/20,Graduate,3648
Vietnam,2020/21,Under-graduate,15282
Vietnam,2020/21,Graduate,3375
Vietnam,2021/22,Under-graduate,13947
Vietnam,2021/22,Graduate,3596
Vietnam,2022/23,Under-graduate,14295
Vietnam,2022/23,Graduate,3768
Vietnam,2023/24,Under-graduate,13848
Vietnam,2023/24,Graduate,4014
Vietnam,2024/25,Under-graduate,16156
Vietnam,2024/25,Graduate,4436
Russia,2000/01,Under-graduate,3060
Russia,2000/01,Graduate,3376
Russia,2000/01,Other,423
Russia,2001/02,Under-graduate,2843
Russia,2001/02,Graduate,3380
Russia,2001/02,Other,421
Russia,2002/03,Under-graduate,2694
Russia,2002/03,Graduate,3153
Russia,2002/03,Other,391
Russia,2003/04,Under-graduate,2322
Russia,2003/04,Graduate,2865
Russia,2003/04,Other,345
Russia,2004/05,Under-graduate,1997
Russia,2004/05,Graduate,2662
Russia,2004/05,Other,414
Russia,2005/06,Under-graduate,1887
Russia,2005/06,Graduate,2434
Russia,2005/06,Other,480
Russia,2006/07,Under-graduate,1884
Russia,2006/07,Graduate,2308
Russia,2007/08,Under-graduate,1949
Russia,2007/08,Graduate,2235
Russia,2008/09,Under-graduate,2074
Russia,2008/09,Graduate,2094
Russia,2009/10,Under-graduate,1975
Russia,2009/10,Graduate,2035
Russia,2010/11,Under-graduate,1772
Russia,2010/11,Graduate,2085
Russia,2011/12,Under-graduate,1815
Russia,2011/12,Graduate,2097
Russia,2012/13,Under-graduate,1960
Russia,2012/13,Graduate,2026
Russia,2013/14,Under-graduate,2094
Russia,2013/14,Graduate,2039
Russia,2014/15,Under-graduate,2348
Russia,2014/15,Graduate,2004
Russia,2015/16,Under-graduate,2321
Russia,2015/16,Graduate,1975
Russia,2016/17,Under-graduate,2345
Russia,2016/17,Graduate,1925
Russia,2017/18,Under-graduate,2373
Russia,2017/18,Graduate,1857
Russia,2018/19,Under-graduate,2258
Russia,2018/19,Graduate,1795
Russia,2019/20,Under-graduate,2236
Russia,2019/20,Graduate,1817
Russia,2020/21,Under-graduate,2022
Russia,2020/21,Graduate,1663
Russia,2021/22,Under-graduate,2002
Russia,2021/22,Graduate,1714
Russia,2022/23,Under-graduate,1992
Russia,2022/23,Graduate,1820
Russia,2023/24,Under-graduate,2047
Russia,2023/24,Graduate,1896
Russia,2024/25,Under-graduate,2069
Russia,2024/25,Graduate,1818
Ukraine,2000/01,Under-graduate,908
Ukraine,2000/01,Graduate,888
Ukraine,2000/01,Other,114
Ukraine,2001/02,Under-graduate,915
Ukraine,2001/02,Graduate,1117
Ukraine,2001/02,Other,162
Ukraine,2002/03,Under-graduate,839
Ukraine,2002/03,Graduate,1128
Ukraine,2002/03,Other,103
Ukraine,2003/04,Under-graduate,758
Ukraine,2003/04,Graduate,1170
Ukraine,2003/04,Other,76
Ukraine,2004/05,Under-graduate,680
Ukraine,2004/05,Graduate,1040
Ukraine,2004/05,Other,111
Ukraine,2005/06,Under-graduate,670
Ukraine,2005/06,Graduate,981
Ukraine,2005/06,Other,154
Ukraine,2006/07,Under-graduate,636
Ukraine,2006/07,Graduate,868
Ukraine,2007/08,Under-graduate,628
Ukraine,2007/08,Graduate,884
Ukraine,2008/09,Under-graduate,673
Ukraine,2008/09,Graduate,814
Ukraine,2009/10,Under-graduate,636
Ukraine,2009/10,Graduate,818
Ukraine,2010/11,Under-graduate,583
Ukraine,2010/11,Graduate,718
Ukraine,2011/12,Under-graduate,614
Ukraine,2011/12,Graduate,653
Ukraine,2012/13,Under-graduate,606
Ukraine,2012/13,Graduate,608
Ukraine,2013/14,Under-graduate,609
Ukraine,2013/14,Graduate,593
Ukraine,2014/15,Under-graduate,678
Ukraine,2014/15,Graduate,585
Ukraine,2015/16,Under-graduate,728
Ukraine,2015/16,Graduate,617
Ukraine,2016/17,Under-graduate,817
Ukraine,2016/17,Graduate,647
Ukraine,2017/18,Under-graduate,941
Ukraine,2017/18,Graduate,645
Ukraine,2018/19,Under-graduate,978
Ukraine,2018/19,Graduate,578
Ukraine,2019/20,Under-graduate,951
Ukraine,2019/20,Graduate,538
Ukraine,2020/21,Under-graduate,877
Ukraine,2020/21,Graduate,529
Ukraine,2021/22,Under-graduate,919
Ukraine,2021/22,Graduate,556
Ukraine,2022/23,Under-graduate,1086
Ukraine,2022/23,Graduate,581
Ukraine,2023/24,Under-graduate,1196
Ukraine,2023/24,Graduate,571
Ukraine,2024/25,Under-graduate,1379
Ukraine,2024/25,Graduate,562
Mexico,2000/01,Under-graduate,6075
Mexico,2000/01,Graduate,3853
Mexico,2000/01,Other,742
Mexico,2001/02,Under-graduate,7345
Mexico,2001/02,Graduate,4389
Mexico,2001/02,Other,784
Mexico,2002/03,Under-graduate,7737
Mexico,2002/03,Graduate,4328
Mexico,2002/03,Other,737
Mexico,2003/04,Under-graduate,8303
Mexico,2003/04,Graduate,4225
Mexico,2003/04,Other,801
Mexico,2004/05,Under-graduate,8200
Mexico,2004/05,Graduate,3961
Mexico,2004/05,Other,902
Mexico,2005/06,Under-graduate,8211
Mexico,2005/06,Graduate,4154
Mexico,2005/06,Other,1566
Mexico,2006/07,Under-graduate,7985
Mexico,2006/07,Graduate,4311
Mexico,2007/08,Under-graduate,8606
Mexico,2007/08,Graduate,4540
Mexico,2008/09,Under-graduate,8934
Mexico,2008/09,Graduate,4148
Mexico,2009/10,Under-graduate,7715
Mexico,2009/10,Graduate,3911
Mexico,2010/11,Under-graduate,8163
Mexico,2010/11,Graduate,3908
Mexico,2011/12,Under-graduate,7564
Mexico,2011/12,Graduate,4188
Mexico,2012/13,Under-graduate,7956
Mexico,2012/13,Graduate,4237
Mexico,2013/14,Under-graduate,8311
Mexico,2013/14,Graduate,4182
Mexico,2014/15,Under-graduate,8210
Mexico,2014/15,Graduate,3994
Mexico,2015/16,Under-graduate,9640
Mexico,2015/16,Graduate,4169
Mexico,2016/17,Under-graduate,9395
Mexico,2016/17,Graduate,4107
Mexico,2017/18,Under-graduate,8802
Mexico,2017/18,Graduate,3839
Mexico,2018/19,Under-graduate,8549
Mexico,2018/19,Graduate,3760
Mexico,2019/20,Under-graduate,7993
Mexico,2019/20,Graduate,3817
Mexico,2020/21,Under-graduate,7303
Mexico,2020/21,Graduate,3788
Mexico,2021/22,Under-graduate,7738
Mexico,2021/22,Graduate,4412
Mexico,2022/23,Under-graduate,7254
Mexico,2022/23,Graduate,4566
Mexico,2023/24,Under-graduate,8133
Mexico,2023/24,Graduate,4466
Mexico,2024/25,Under-graduate,8201
Mexico,2024/25,Graduate,4503
Brazil,2000/01,Under-graduate,4994
Brazil,2000/01,Graduate,3097
Brazil,2000/01,Other,755
Brazil,2001/02,Under-graduate,4921
Brazil,2001/02,Graduate,3271
Brazil,2001/02,Other,781
Brazil,2002/03,Under-graduate,4469
Brazil,2002/03,Graduate,3255
Brazil,2002/03,Other,664
Brazil,2003/04,Under-graduate,4243
Brazil,2003/04,Graduate,3018
Brazil,2003/04,Other,538
Brazil,2004/05,Under-graduate,3755
Brazil,2004/05,Graduate,2814
Brazil,2004/05,Other,675
Brazil,2005/06,Under-graduate,3582
Brazil,2005/06,Graduate,2599
Brazil,2005/06,Other,828
Brazil,2006/07,Under-graduate,3520
Brazil,2006/07,Graduate,2653
Brazil,2007/08,Under-graduate,3712
Brazil,2007/08,Graduate,2804
Brazil,2008/09,Under-graduate,4201
Brazil,2008/09,Graduate,3019
Brazil,2009/10,Under-graduate,4083
Brazil,2009/10,Graduate,3121
Brazil,2010/11,Under-graduate,4061
Brazil,2010/11,Graduate,3054
Brazil,2011/12,Under-graduate,4215
Brazil,2011/12,Graduate,2949
Brazil,2012/13,Under-graduate,4683
Brazil,2012/13,Graduate,2994
Brazil,2013/14,Under-graduate,5097
Brazil,2013/14,Graduate,3118
Brazil,2014/15,Under-graduate,6874
Brazil,2014/15,Graduate,4110
Brazil,2015/16,Under-graduate,6990
Brazil,2015/16,Graduate,4308
Brazil,2016/17,Under-graduate,6310
Brazil,2016/17,Graduate,3977
Brazil,2017/18,Under-graduate,7359
Brazil,2017/18,Graduate,4208
Brazil,2018/19,Under-graduate,7768
Brazil,2018/19,Graduate,4732
Brazil,2019/20,Under-graduate,8372
Brazil,2019/20,Graduate,4811
Brazil,2020/21,Under-graduate,7273
Brazil,2020/21,Graduate,4159
Brazil,2021/22,Under-graduate,7345
Brazil,2021/22,Graduate,4752
Brazil,2022/23,Under-graduate,7860
Brazil,2022/23,Graduate,4908
Brazil,2023/24,Under-graduate,8213
Brazil,2023/24,Graduate,5031
Brazil,2024/25,Under-graduate,8590
Brazil,2024/25,Graduate,5210
Iran,2000/01,Under-graduate,711
Iran,2000/01,Graduate,1023
Iran,2000/01,Other,110
Iran,2001/02,Under-graduate,796
Iran,2001/02,Graduate,1295
Iran,2001/02,Other,124
Iran,2002/03,Under-graduate,791
Iran,2002/03,Graduate,1363
Iran,2002/03,Other,103
Iran,2003/04,Under-graduate,785
Iran,2003/04,Graduate,1429
Iran,2003/04,Other,107
Iran,2004/05,Under-graduate,652
Iran,2004/05,Graduate,1475
Iran,2004/05,Other,124
Iran,2005/06,Under-graduate,641
Iran,2005/06,Graduate,1628
Iran,2005/06,Other,151
Iran,2006/07,Under-graduate,643
Iran,2006/07,Graduate,1866
Iran,2007/08,Under-graduate,561
Iran,2007/08,Graduate,2189
Iran,2008/09,Under-graduate,572
Iran,2008/09,Graduate,2639
Iran,2009/10,Under-graduate,542
Iran,2009/10,Graduate,3773
Iran,2010/11,Under-graduate,429
Iran,2010/11,Graduate,4696
Iran,2011/12,Under-graduate,456
Iran,2011/12,Graduate,5747
Iran,2012/13,Under-graduate,549
Iran,2012/13,Graduate,7157
Iran,2013/14,Under-graduate,622
Iran,2013/14,Graduate,8254
Iran,2014/15,Under-graduate,757
Iran,2014/15,Graduate,8953
Iran,2015/16,Under-graduate,842
Iran,2015/16,Graduate,9534
Iran,2016/17,Under-graduate,971
Iran,2016/17,Graduate,9578
Iran,2017/18,Under-graduate,808
Iran,2017/18,Graduate,9695
Iran,2018/19,Under-graduate,726
Iran,2018/19,Graduate,9017
Iran,2019/20,Under-graduate,612
Iran,2019/20,Graduate,8518
Iran,2020/21,Under-graduate,494
Iran,2020/21,Graduate,7225
Iran,2021/22,Under-graduate,400
Iran,2021/22,Graduate,7025
Iran,2022/23,Under-graduate,444
Iran,2022/23,Graduate,8405
Iran,2023/24,Under-graduate,517
Iran,2023/24,Graduate,10129
Iran,2024/25,Under-graduate,642
Iran,2024/25,Graduate,10154
Iraq,2000/01,Under-graduate,99
Iraq,2000/01,Graduate,50
Iraq,2000/01,Other,6
Iraq,2001/02,Under-graduate,84
Iraq,2001/02,Graduate,55
Iraq,2001/02,Other,8
Iraq,2002/03,Under-graduate,67
Iraq,2002/03,Graduate,57
Iraq,2002/03,Other,3
Iraq,2003/04,Under-graduate,74
Iraq,2003/04,Graduate,40
Iraq,2003/04,Other,6
Iraq,2004/05,Under-graduate,66
Iraq,2004/05,Graduate,57
Iraq,2004/05,Other,19
Iraq,2005/06,Under-graduate,73
Iraq,2005/06,Graduate,96
Iraq,2005/06,Other,21
Iraq,2006/07,Under-graduate,109
Iraq,2006/07,Graduate,130
Iraq,2007/08,Under-graduate,87
Iraq,2007/08,Graduate,171
Iraq,2008/09,Under-graduate,130
Iraq,2008/09,Graduate,189
Iraq,2009/10,Under-graduate,138
Iraq,2009/10,Graduate,200
Iraq,2010/11,Under-graduate,190
Iraq,2010/11,Graduate,268
Iraq,2011/12,Under-graduate,162
Iraq,2011/12,Graduate,458
Iraq,2012/13,Under-graduate,220
Iraq,2012/13,Graduate,665
Iraq,2013/14,Under-graduate,212
Iraq,2013/14,Graduate,941
Iraq,2014/15,Under-graduate,240
Iraq,2014/15,Graduate,1176
Iraq,2015/16,Under-graduate,264
Iraq,2015/16,Graduate,1461
Iraq,2016/17,Under-graduate,229
Iraq,2016/17,Graduate,1343
Iraq,2017/18,Under-graduate,230
Iraq,2017/18,Graduate,1114
Iraq,2018/19,Under-graduate,234
Iraq,2018/19,Graduate,904
Iraq,2019/20,Under-graduate,205
Iraq,2019/20,Graduate,682
Iraq,2020/21,Under-graduate,186
Iraq,2020/21,Graduate,492
Iraq,2021/22,Under-graduate,144
Iraq,2021/22,Graduate,367
Iraq,2022/23,Under-graduate,157
Iraq,2022/23,Graduate,284
Iraq,2023/24,Under-graduate,150
Iraq,2023/24,Graduate,248
Iraq,2024/25,Under-graduate,179
Iraq,2024/25,Graduate,303
Israel,2000/01,Under-graduate,1724
Israel,2000/01,Graduate,1492
Israel,2000/01,Other,185
Israel,2001/02,Under-graduate,1580
Israel,2001/02,Graduate,1666
Israel,2001/02,Other,212
Israel,2002/03,Under-graduate,1578
Israel,2002/03,Graduate,1697
Israel,2002/03,Other,246
Israel,2003/04,Under-graduate,1530
Israel,2003/04,Graduate,1711
Israel,2003/04,Other,233
Israel,2004/05,Under-graduate,1383
Israel,2004/05,Graduate,1653
Israel,2004/05,Other,287
Israel,2005/06,Under-graduate,1355
Israel,2005/06,Graduate,1721
Israel,2005/06,Other,343
Israel,2006/07,Under-graduate,1183
Israel,2006/07,Graduate,1673
Israel,2007/08,Under-graduate,1031
Israel,2007/08,Graduate,1511
Israel,2008/09,Under-graduate,1055
Israel,2008/09,Graduate,1593
Israel,2009/10,Under-graduate,893
Israel,2009/10,Graduate,1446
Israel,2010/11,Under-graduate,789
Israel,2010/11,Graduate,1452
Israel,2011/12,Under-graduate,760
Israel,2011/12,Graduate,1322
Israel,2012/13,Under-graduate,700
Israel,2012/13,Graduate,1291
Israel,2013/14,Under-graduate,650
Israel,2013/14,Graduate,1329
Israel,2014/15,Under-graduate,641
Israel,2014/15,Graduate,1278
Israel,2015/16,Under-graduate,663
Israel,2015/16,Graduate,1190
Israel,2016/17,Under-graduate,686
Israel,2016/17,Graduate,1188
Israel,2017/18,Under-graduate,698
Israel,2017/18,Graduate,1119
Israel,2018/19,Under-graduate,702
Israel,2018/19,Graduate,1091
Israel,2019/20,Under-graduate,662
Israel,2019/20,Graduate,985
Israel,2020/21,Under-graduate,641
Israel,2020/21,Graduate,834
Israel,2021/22,Under-graduate,695
Israel,2021/22,Graduate,896
Israel,2022/23,Under-graduate,692
Israel,2022/23,Graduate,857
Israel,2023/24,Under-graduate,782
Israel,2023/24,Graduate,888
Israel,2024/25,Under-graduate,866
Israel,2024/25,Graduate,899
Canada,2000/01,Under-graduate,13480
Canada,2000/01,Graduate,10694
Canada,2000/01,Other,1105
Canada,2001/02,Under-graduate,13472
Canada,2001/02,Graduate,11810
Canada,2001/02,Other,1233
Canada,2002/03,Under-graduate,13859
Canada,2002/03,Graduate,11252
Canada,2002/03,Other,1402
Canada,2003/04,Under-graduate,13996
Canada,2003/04,Graduate,12129
Canada,2003/04,Other,892
Canada,2004/05,Under-graduate,13710
Canada,2004/05,Graduate,13087
Canada,2004/05,Other,1343
Canada,2005/06,Under-graduate,14257
Canada,2005/06,Graduate,12355
Canada,2005/06,Other,1590
Canada,2006/07,Under-graduate,13546
Canada,2006/07,Graduate,12491
Canada,2007/08,Under-graduate,13623
Canada,2007/08,Graduate,13040
Canada,2008/09,Under-graduate,14261
Canada,2008/09,Graduate,13185
Canada,2009/10,Under-graduate,13607
Canada,2009/10,Graduate,11950
Canada,2010/11,Under-graduate,13154
Canada,2010/11,Graduate,11618
Canada,2011/12,Under-graduate,12866
Canada,2011/12,Graduate,11190
Canada,2012/13,Under-graduate,13395
Canada,2012/13,Graduate,10982
Canada,2013/14,Under-graduate,13916
Canada,2013/14,Graduate,11207
Canada,2014/15,Under-graduate,13131
Canada,2014/15,Graduate,10605
Canada,2015/16,Under-graduate,13223
Canada,2015/16,Graduate,10220
Canada,2016/17,Under-graduate,13191
Canada,2016/17,Graduate,10113
Canada,2017/18,Under-graduate,12581
Canada,2017/18,Graduate,9517
Canada,2018/19,Under-graduate,12470
Canada,2018/19,Graduate,9471
Canada,2019/20,Under-graduate,12409
Canada,2019/20,Graduate,9488
Canada,2020/21,Under-graduate,11981
Canada,2020/21,Graduate,9499
Canada,2021/22,Under-graduate,13004
Canada,2021/22,Graduate,10338
Canada,2022/23,Under-graduate,13051
Canada,2022/23,Graduate,10669
Canada,2023/24,Under-graduate,13726
Canada,2023/24,Graduate,10428
Canada,2024/25,Under-graduate,15017
Canada,2024/25,Graduate,9887
