country,panel_year,prior_3yr_avg_growth,any_shock_active,num_shocks_active,cpi_annual_avg,target_next_yr_growth
Afghanistan,2000,-0.38299225225610645,0,0,172.20000000000002,0.20430046351273035
Afghanistan,2001,-0.08934589437168805,1,1,177.0666666666667,0.10318423623523021
Afghanistan,2002,-0.025169184169381964,1,3,179.875,0.06637506894487277
Afghanistan,2003,0.1246199228976111,1,3,183.95833333333337,0.3520772346901033
Afghanistan,2004,0.1738788466234021,1,2,188.88333333333333,0.12136085700426769
Afghanistan,2005,0.17993772021308127,1,2,195.29166666666663,0.42620100658734206
Afghanistan,2006,0.2998796994272377,1,2,201.59166666666667,0.23205891497216236
Afghanistan,2007,0.2598735928545907,1,2,207.34241666666665,0.1857672899595757
Afghanistan,2008,0.2813424038396934,1,2,215.3025,0.045626160826776285
Afghanistan,2009,0.15448412191950478,1,2,214.537,0.00701757265864611
Afghanistan,2010,0.0794703411483327,1,2,218.0555,-0.145254856320582
Afghanistan,2011,-0.03087037427838653,1,2,224.9391666666667,0.19082082513481957
Afghanistan,2012,0.017527847157627896,1,1,229.59391666666667,0.0022246950221109785
Afghanistan,2013,0.015930221278782852,1,1,232.95708333333337,0.04561051125205218
Afghanistan,2014,0.07955201046966091,1,1,236.73616666666663,0.055741983008235074
Afghanistan,2015,0.03452572976079941,1,1,237.017,0.015936592262812965
Afghanistan,2016,0.03909636217436674,1,1,240.00716666666665,-0.06111881505604533
Afghanistan,2017,0.0035199200716675705,1,1,245.11958333333337,-0.12993642170666408
Afghanistan,2018,-0.05837288149996548,1,1,251.10683333333336,0.009523881511255716
Afghanistan,2019,-0.06051045175048456,1,2,255.65741666666668,-0.17570840090223783
Afghanistan,2020,-0.09870698036588206,1,5,258.8111666666667,0.17095779814363965
Afghanistan,2021,0.001591092917552513,1,4,270.96975000000003,0.48477494656604847
Afghanistan,2022,0.16000811460248343,0,0,292.6549166666667,0.028903746182348478
Afghanistan,2023,0.22821216363067887,1,1,304.7015833333333,0.014144507386165017
Brazil,2000,0.028203176186673673,0,0,172.20000000000002,0.014143237211825976
Brazil,2001,0.021173206699249825,0,0,177.0666666666667,-0.06730650361828872
Brazil,2002,-0.008320030073263021,1,1,179.875,-0.07280659269131284
Brazil,2003,-0.04198995303259186,1,1,183.95833333333337,-0.07382198032719245
Brazil,2004,-0.07131169221226467,0,0,188.88333333333333,-0.03297850250297962
Brazil,2005,-0.059869025173828305,0,0,195.29166666666663,0.01655502966545619
Brazil,2006,-0.030081817721571962,0,0,201.59166666666667,0.06149924541276519
Brazil,2007,0.015025257525080585,0,0,207.34241666666665,0.14574536001003935
Brazil,2008,0.07459987836275357,0,0,215.3025,0.0021648729471390737
Brazil,2009,0.06980315945664788,0,0,214.537,-0.0010248819436071699
Brazil,2010,0.04896178367119042,0,0,218.0555,0.02830695571536168
Brazil,2011,0.009815648906297861,0,0,224.9391666666667,0.18538107223875855
Brazil,2012,0.07088771533683769,0,0,229.59391666666667,0.20088815767894808
Brazil,2013,0.13819206187768943,0,0,232.95708333333337,0.5777087898290922
Brazil,2014,0.3213260065822663,0,0,236.73616666666663,-0.20069416165323695
Brazil,2015,0.19263426195160113,0,0,237.017,-0.3919532946093227
Brazil,2016,-0.004979555477822473,0,0,240.00716666666665,0.11061827151205073
Brazil,2017,-0.1606763949168363,0,0,245.11958333333337,0.09387898575772091
Brazil,2018,-0.062485345779850356,0,0,251.10683333333336,0.03740124288654023
Brazil,2019,0.0806328333854373,1,1,255.65741666666668,-0.17461335335063488
Brazil,2020,-0.01444437490212458,1,4,258.8111666666667,0.062102520782197246
Brazil,2021,-0.025036529893965803,1,3,270.96975000000003,0.07299015240927709
Brazil,2022,-0.013173560053053516,0,0,292.6549166666667,0.05180174544761407
Brazil,2023,0.0622981395463628,1,1,304.7015833333333,0.02342438893829879
Canada,2000,0.07110300060306152,0,0,172.20000000000002,0.04769888384242549
Canada,2001,0.0594009422227435,0,0,177.0666666666667,-3.7716634926354686e-05
Canada,2002,0.03958805593685355,1,1,179.875,0.018831118758653176
Canada,2003,0.02216409532205077,1,1,183.95833333333337,0.040725754185857
Canada,2004,0.019839718769861275,0,0,188.88333333333333,0.0022008457287956418
Canada,2005,0.020585906224435273,0,0,195.29166666666663,0.0027619436133345943
Canada,2006,0.015229514509329078,0,0,201.59166666666667,0.026898065084992595
Canada,2007,0.010620284809040944,0,0,207.34241666666665,0.02199312449241475
Canada,2008,0.017217711063580648,0,0,215.3025,-0.05367631168978981
Canada,2009,-0.001595040704127489,0,0,214.537,-0.02151238442085024
Canada,2010,-0.0177318572060751,0,0,218.0555,-0.02667217172894354
Canada,2011,-0.03395362261319453,0,0,224.9391666666667,0.019787274853442227
Canada,2012,-0.009465760432117184,0,0,229.59391666666667,0.03403069979779083
Canada,2013,0.009048600974096507,0,0,232.95708333333337,-0.0383166561361179
Canada,2014,0.005167106171705053,0,0,236.73616666666663,-0.00985011561056659
Canada,2015,-0.004712023982964553,0,0,237.017,0.00340501457819542
Canada,2016,-0.01492058572282969,0,0,240.00716666666665,-0.043650981556746515
Canada,2017,-0.01669869419637256,0,0,245.11958333333337,0.008187472463134782
Canada,2018,-0.010686164838472104,0,0,251.10683333333336,-0.004989072788529114
Canada,2019,-0.013484193960713617,1,1,255.65741666666668,-0.03320927058192069
Canada,2020,-0.010003623635771675,1,4,258.8111666666667,0.07173870382591652
Canada,2021,0.011180120151822237,1,3,270.96975000000003,0.0314478719654776
Canada,2022,0.02332576840315781,0,0,292.6549166666667,0.03946075851472841
Canada,2023,0.04754911143537418,1,1,304.7015833333333,0.03073194772063559
China,2000,0.09575072461852763,0,0,172.20000000000002,0.05315095824133742
China,2001,0.07445084142993252,0,0,177.0666666666667,0.02416346620382548
China,2002,0.05768838302123017,1,1,179.875,-0.04730494185571743
China,2003,0.010003160863148489,1,1,183.95833333333337,0.012197628058185472
China,2004,-0.0036479491979021597,0,0,188.88333333333333,0.0009432077754549795
China,2005,-0.011388035340692326,0,0,195.29166666666663,0.07894815952036538
China,2006,0.03069633178466861,0,0,201.59166666666667,0.18058997169037205
China,2007,0.08682711299539747,0,0,207.34241666666665,0.19134673930497215
China,2008,0.15029495683856986,0,0,215.3025,0.2617572152367398
China,2009,0.21123130874402798,0,0,214.537,0.21067386187022485
China,2010,0.22125927213731225,0,0,218.0555,0.20821398798261903
China,2011,0.22688168836319456,0,0,224.9391666666667,0.19411508582212988
China,2012,0.20433431189165793,0,0,229.59391666666667,0.1526062957825065
China,2013,0.18497845652908515,0,0,232.95708333333337,0.10243025766549252
China,2014,0.14971721309004296,1,1,236.73616666666663,0.07752063057406389
China,2015,0.11085239467402097,1,1,237.017,0.06540807177656127
China,2016,0.08178632000537256,1,1,240.00716666666665,0.03525381320142529
China,2017,0.059394171850683485,1,1,245.11958333333337,0.01693884997880879
China,2018,0.03920024498559845,1,2,251.10683333333336,0.00804230294147068
China,2019,0.020078322040568253,1,3,255.65741666666668,-0.16047839317753976
China,2020,-0.0451657467524201,1,7,258.8111666666667,-0.08966711625074275
China,2021,-0.08070106882893728,1,5,270.96975000000003,-0.0019323277442442333
China,2022,-0.08402594572417559,1,2,292.6549166666667,-0.0427918049482372
China,2023,-0.04479708298107473,1,3,304.7015833333333,-0.04226154691887629
India,2000,0.255543949265558,0,0,172.20000000000002,0.20103650005341933
India,2001,0.22829022465948867,0,0,177.0666666666667,0.10993886334644998
India,2002,0.18883977088847578,1,1,179.875,0.06654045678680909
India,2003,0.1258386067288928,1,1,183.95833333333337,0.009113557291701824
India,2004,0.06186429247498696,0,0,188.88333333333333,-0.050504779207008355
India,2005,0.008383078290500853,0,0,195.29166666666663,0.09149676897078862
India,2006,0.01670184901849403,0,0,201.59166666666667,0.12043955432221942
India,2007,0.05381051469533323,0,0,207.34241666666665,0.08798380040864551
India,2008,0.09997337456721785,0,0,215.3025,0.015728836876403918
India,2009,0.07471739720242294,0,0,214.537,-0.009598142576063395
India,2010,0.031371498236328677,0,0,218.0555,-0.03551422621600864
India,2011,-0.009794510638556039,0,0,224.9391666666667,-0.035694872811319556
India,2012,-0.02693574720113053,0,0,229.59391666666667,0.059377505989992585
India,2013,-0.003943864345778536,0,0,232.95708333333337,0.2579574874742683
India,2014,0.0938800402176471,0,0,236.73616666666663,0.2219870222178617
India,2015,0.1797740052273742,0,0,237.017,0.11568743785549174
India,2016,0.1985439825158739,0,0,240.00716666666665,0.0523152290450426
India,2017,0.12999656303946536,0,0,245.11958333333337,0.02884064462311109
India,2018,0.06561443717454847,0,0,251.10683333333336,-0.04500453228520662
India,2019,0.012050447127649022,1,1,255.65741666666668,-0.14185968593275256
India,2020,-0.05267452453161603,1,4,258.8111666666667,0.17274619590954998
India,2021,-0.004706007436136399,1,3,270.96975000000003,0.3002061136507841
India,2022,0.1103642078758605,0,0,292.6549166666667,0.20951036133338086
India,2023,0.22748755696457165,1,1,304.7015833333333,0.09051971988683505
Iran,2000,-0.021990695765572,0,0,172.20000000000002,0.18376664375063534
Iran,2001,0.08088797399253167,0,0,177.0666666666667,0.01877569684243241
Iran,2002,0.06018388160916525,1,2,179.875,0.027518661564830182
Iran,2003,0.0766870007192993,1,2,183.95833333333337,-0.03062356536770494
Iran,2004,0.00522359767985255,1,1,188.88333333333333,0.07239297824399937
Iran,2005,0.023096024813708205,1,1,195.29166666666663,0.14406456643846788
Iran,2006,0.06194465977158744,1,1,201.59166666666667,0.09058280935722607
Iran,2007,0.10234678467989777,1,1,207.34241666666665,0.14373245241271881
Iran,2008,0.12612660940280426,1,1,215.3025,0.29198922827200313
Iran,2009,0.17543483001398266,1,1,214.537,0.17326211341865516
Iran,2010,0.20299459803445905,1,1,218.0555,0.21593669861517917
Iran,2011,0.22706268010194583,1,1,224.9391666666667,0.22503234219139223
Iran,2012,0.20474371807507552,0,0,229.59391666666667,0.15343156104361277
Iran,2013,0.1981335339500614,0,0,232.95708333333337,0.10636060398426217
Iran,2014,0.16160816907308906,0,0,236.73616666666663,0.07891583990693363
Iran,2015,0.11290266831160285,0,0,237.017,0.03002794652071472
Iran,2016,0.0717681301373035,0,0,240.00716666666665,0.011012460856123951
Iran,2017,0.039985415761257435,1,1,245.11958333333337,-0.05144564647764227
Iran,2018,-0.0034684130336011996,1,1,251.10683333333336,-0.058593454277039214
Iran,2019,-0.033008879966185845,1,2,255.65741666666668,-0.17485669295943396
Iran,2020,-0.09496526457137182,1,5,258.8111666666667,-0.033743748298361353
Iran,2021,-0.08906463184494484,1,4,270.96975000000003,0.15118000724079295
Iran,2022,-0.01914014467233412,0,0,292.6549166666667,0.1394562771084189
Iran,2023,0.0856308453502835,1,1,304.7015833333333,0.01801850550267936
Iraq,2000,0.3249262456241526,0,0,172.20000000000002,-0.05299253014051075
Iraq,2001,0.13596685774182093,0,0,177.0666666666667,-0.14624550032014483
Iraq,2002,0.04189607172116568,1,2,179.875,-0.056695343676545384
Iraq,2003,-0.08531112471240032,1,3,183.95833333333337,0.16833531481921504
Iraq,2004,-0.011535176392491723,1,2,188.88333333333333,0.2911970145592253
Iraq,2005,0.134278995233965,1,2,195.29166666666663,0.3213204316006104
Iraq,2006,0.2602842536596836,1,2,201.59166666666667,0.15850324382610026
Iraq,2007,0.2570068966619787,1,2,207.34241666666665,0.15647464090108176
Iraq,2008,0.21209943877593082,1,2,215.3025,0.16404979055799895
Iraq,2009,0.159675891761727,1,2,214.537,0.3758747844872419
Iraq,2010,0.23213307198210753,1,2,218.0555,0.27255195352497186
Iraq,2011,0.27082550952340423,1,2,224.9391666666667,0.28334635801031904
Iraq,2012,0.3105910320075109,0,0,229.59391666666667,0.3280570396959277
Iraq,2013,0.2946517837437395,0,0,232.95708333333337,0.14693876338194034
Iraq,2014,0.25278072036272903,0,0,236.73616666666663,0.0959942643417504
Iraq,2015,0.19033002247320616,0,0,237.017,-0.11292897561713655
Iraq,2016,0.043334684035518066,0,0,240.00716666666665,-0.16619782859029986
Iraq,2017,-0.06104417995522867,0,0,245.11958333333337,-0.15056416588850485
Iraq,2018,-0.14323032336531374,0,0,251.10683333333336,-0.2483162710535014
Iraq,2019,-0.18835942184410204,1,1,255.65741666666668,-0.2244397277756569
Iraq,2020,-0.20777338823922106,1,4,258.8111666666667,-0.25577126017072693
Iraq,2021,-0.24284241966662842,1,3,270.96975000000003,-0.09296786653666
Iraq,2022,-0.1910596181610146,0,0,292.6549166666667,-0.13353139262452185
Iraq,2023,-0.16075683977730293,1,1,304.7015833333333,0.18372113714837734
Israel,2000,0.0494076387182254,0,0,172.20000000000002,0.0163268932874292
Israel,2001,0.0328672660028273,0,0,177.0666666666667,0.018054652911816405
Israel,2002,0.02792972830582367,1,1,179.875,-0.013438372354000805
Israel,2003,0.006981057948414933,1,1,183.95833333333337,-0.04443867844645588
Israel,2004,-0.013274132629546761,0,0,188.88333333333333,0.028480121284706783
Israel,2005,-0.009798976505249968,0,0,195.29166666666663,-0.04486398291509097
Israel,2006,-0.020274180025613358,0,0,201.59166666666667,-0.08453939384018483
Israel,2007,-0.03364108515685634,0,0,207.34241666666665,0.018470182062399587
Israel,2008,-0.03697773156429207,0,0,215.3025,-0.0966836716321362
Israel,2009,-0.054250961136640484,0,0,214.537,-0.02810916952167375
Israel,2010,-0.03544088636380346,0,0,218.0555,-0.08133936433386246
Israel,2011,-0.06871073516255748,0,0,224.9391666666667,-0.024391453124159135
Israel,2012,-0.04461332899323178,0,0,229.59391666666667,0.011049836186584727
Israel,2013,-0.03156032709047896,0,0,232.95708333333337,-0.03605113839200236
Israel,2014,-0.01646425177652559,0,0,236.73616666666663,-0.011457795621381273
Israel,2015,-0.012153032608932968,0,0,237.017,0.021115649400577752
Israel,2016,-0.008797761537601959,0,0,240.00716666666665,-0.027967924606080885
Israel,2017,-0.006103356942294802,0,0,245.11958333333337,0.027549951768230052
Israel,2018,0.006899225520908973,0,0,251.10683333333336,-0.07192358323503178
Israel,2019,-0.024113852024294207,1,1,255.65741666666668,-0.188269127718951
Israel,2020,-0.0775475863952509,1,4,258.8111666666667,0.09461974233546044
Israel,2021,-0.05519098953950744,1,3,270.96975000000003,-0.003954528139161972
Israel,2022,-0.03253463784088417,0,0,292.6549166666667,0.0707413832235213
Israel,2023,0.05380219913993992,1,2,304.7015833333333,0.044672440051592766
Japan,2000,-0.00803268785946365,0,0,172.20000000000002,0.0067090609289550684
Japan,2001,-0.0006618134652542906,0,0,177.0666666666667,-0.0183254023314241
Japan,2002,-0.006549676420644228,1,1,179.875,-0.1182318961703146
Japan,2003,-0.04328274585759454,1,1,183.95833333333337,0.0332360513112242
Japan,2004,-0.0344404157301715,0,0,188.88333333333333,-0.08662597863044574
Japan,2005,-0.05720727449651205,0,0,195.29166666666663,-0.09277671061680337
Japan,2006,-0.048722212645341635,0,0,201.59166666666667,-0.037777392677096344
Japan,2007,-0.07239336064144848,0,0,207.34241666666665,-0.14923743454860805
Japan,2008,-0.09326384594750259,0,0,215.3025,-0.1638223225265083
Japan,2009,-0.1169457165840709,0,0,214.537,-0.15429829021661412
Japan,2010,-0.15578601576391016,0,0,218.0555,-0.06420665199115483
Japan,2011,-0.1274424215780924,0,0,224.9391666666667,-0.020135247969417236
Japan,2012,-0.07954673005906206,0,0,229.59391666666667,-0.012030374902401775
Japan,2013,-0.03212409162099128,0,0,232.95708333333337,-0.014063464245973378
Japan,2014,-0.015409695705930796,0,0,236.73616666666663,-0.00020984157038483886
Japan,2015,-0.008767893572919997,0,0,237.017,-0.014799424445939735
Japan,2016,-0.00969091008743265,0,0,240.00716666666665,-0.001438734162331201
Japan,2017,-0.005482666726218592,0,0,245.11958333333337,-0.03516559640018002
Japan,2018,-0.017134585002816987,0,0,251.10683333333336,-0.030906299047678942
Japan,2019,-0.02250354320339672,1,1,255.65741666666668,-0.3984543077818312
Japan,2020,-0.15484206774323006,1,4,258.8111666666667,0.13207721745331646
Japan,2021,-0.0990944631253979,1,3,270.96975000000003,0.17705328586797364
Japan,2022,-0.029774601486847036,0,0,292.6549166666667,-0.13983357817876474
Japan,2023,0.05643230838084179,1,1,304.7015833333333,-0.010441890863839731
Mexico,2000,0.005921904790328725,0,0,172.20000000000002,0.15973154318884752
Mexico,2001,0.08282672398958812,0,0,177.0666666666667,0.022355684371463624
Mexico,2002,0.06266971078354662,1,1,179.875,0.040418819747909396
Mexico,2003,0.07416868243607351,1,1,183.95833333333337,-0.020158306117455282
Mexico,2004,0.01420539933397258,0,0,188.88333333333333,0.06433276621966044
Mexico,2005,0.028197759950038186,0,0,195.29166666666663,-0.007565695201014577
Mexico,2006,0.012202921633730194,0,0,201.59166666666667,0.07057318344558361
Mexico,2007,0.042446751488076494,0,0,207.34241666666665,0.0008758042800529608
Mexico,2008,0.021294430841540663,0,0,215.3025,-0.09902075920086162
Mexico,2009,-0.009190590491741682,0,0,214.537,0.019365181969869028
Mexico,2010,-0.026259924316979877,0,0,218.0555,0.01304082814900731
Mexico,2011,-0.02220491636066176,0,0,224.9391666666667,0.021786423425496082
Mexico,2012,0.018064144514790808,0,0,229.59391666666667,0.04003571464021505
Mexico,2013,0.024954322071572815,0,0,232.95708333333337,0.14306024467052936
Mexico,2014,0.06829412757874682,0,0,236.73616666666663,-0.018884681390527902
Mexico,2015,0.05473709264007217,0,0,237.017,0.006077235100601541
Mexico,2016,0.043417599460201,0,0,240.00716666666665,-0.0846866788679872
Mexico,2017,-0.03249804171930452,0,0,245.11958333333337,-0.01557186887549733
Mexico,2018,-0.03139377088096099,0,0,251.10683333333336,-0.05959094519951691
Mexico,2019,-0.05328316431433381,1,1,255.65741666666668,-0.0997387055837411
Mexico,2020,-0.05830050655291844,1,4,258.8111666666667,0.11027679534023349
Mexico,2021,-0.016350951814341503,1,3,270.96975000000003,0.00282359610481997
Mexico,2022,0.004453895287104122,0,0,292.6549166666667,0.062188950595913894
Mexico,2023,0.05842978068032245,1,1,304.7015833333333,0.011437508220902615
Nepal,2000,0.08236906828867419,0,0,172.20000000000002,0.1425149832369943
Nepal,2001,0.11244202576283424,0,0,177.0666666666667,0.2112144504719815
Nepal,2002,0.14536616733255,1,1,179.875,0.16182144844903057
Nepal,2003,0.1718502940526688,1,1,183.95833333333337,0.10328262841760427
Nepal,2004,0.15877284244620546,0,0,188.88333333333333,0.22063062490583008
Nepal,2005,0.16191156725748831,0,0,195.29166666666663,0.24633403627958828
Nepal,2006,0.1900824298676742,0,0,201.59166666666667,0.14187922251816332
Nepal,2007,0.2029479612345272,0,0,207.34241666666665,0.2592777624353406
Nepal,2008,0.21583034041103075,0,0,215.3025,-0.030509949542809167
Nepal,2009,0.12354901180356492,0,0,214.537,-0.08661489675787593
Nepal,2010,0.04738430537821851,0,0,218.0555,-0.0682927685224275
Nepal,2011,-0.0618058716077042,0,0,224.9391666666667,-0.07565226278721049
Nepal,2012,-0.07685330935583796,0,0,229.59391666666667,-0.08966471051894054
Nepal,2013,-0.07786991394285951,0,0,232.95708333333337,0.00036780482238896184
Nepal,2014,-0.05498305616125402,0,0,236.73616666666663,0.16920162523684823
Nepal,2015,0.026634906513432217,0,0,237.017,0.18340769825427117
Nepal,2016,0.11765904277116945,0,0,240.00716666666665,0.13389748395763057
Nepal,2017,0.16216893581625,0,0,245.11958333333337,-0.0030944588638721626
Nepal,2018,0.10473690778267652,0,0,251.10683333333336,-0.038449976910928996
Nepal,2019,0.03078434939427647,1,1,255.65741666666668,-0.1305507644863848
Nepal,2020,-0.057365066753728655,1,4,258.8111666666667,0.05460413403485198
Nepal,2021,-0.03813220245415394,1,3,270.96975000000003,0.2460174906619752
Nepal,2022,0.05669028673681412,0,0,292.6549166666667,0.10388825945810787
Nepal,2023,0.134836628051645,1,1,304.7015833333333,0.3965455841416361
Nigeria,2000,0.05876117586471885,0,0,172.20000000000002,0.16360472724055164
Nigeria,2001,0.11118295155263525,0,0,177.0666666666667,0.2567575903721835
Nigeria,2002,0.15970783115915133,1,1,179.875,0.0542120019278336
Nigeria,2003,0.15819143984685624,1,1,183.95833333333337,0.03126507161405101
Nigeria,2004,0.11407822130468936,0,0,188.88333333333333,-0.022831677485676494
Nigeria,2005,0.020881798685402703,0,0,195.29166666666663,-0.04104407990290326
Nigeria,2006,-0.010870228591509582,0,0,201.59166666666667,0.04587734209092176
Nigeria,2007,-0.005999471765886,0,0,207.34241666666665,0.005449604767564509
Nigeria,2008,0.0034276223185276677,0,0,215.3025,0.048668368907117454
Nigeria,2009,0.033331771921867905,0,0,214.537,0.08462322514705534
Nigeria,2010,0.04624706627391243,0,0,218.0555,-0.016930426972331603
Nigeria,2011,0.03878705569394706,0,0,224.9391666666667,0.04016156020376904
Nigeria,2012,0.03595145279283093,0,0,229.59391666666667,0.07945372995352251
Nigeria,2013,0.034228287728319984,0,0,232.95708333333337,0.18114255964698422
Nigeria,2014,0.10025261660142526,0,0,236.73616666666663,0.1171508577826259
Nigeria,2015,0.12591571579437755,0,0,237.017,0.09263229969787368
Nigeria,2016,0.13030857237582794,0,0,240.00716666666665,0.08060748279641494
Nigeria,2017,0.09679688009230485,0,0,245.11958333333337,0.0559189930994588
Nigeria,2018,0.07638625853124914,0,0,251.10683333333336,0.02494151727478844
Nigeria,2019,0.05382266439022073,1,1,255.65741666666668,-0.06778945197081576
Nigeria,2020,0.004357019467810493,1,4,258.8111666666667,0.11574190090749603
Nigeria,2021,0.024297988737156235,1,3,270.96975000000003,0.20030543086167718
Nigeria,2022,0.08275262659945248,0,0,292.6549166666667,0.12701217274045007
Nigeria,2023,0.14768650150320775,1,1,304.7015833333333,0.08688238902485956
Russia,2000,-0.024059361179080696,0,0,172.20000000000002,-0.03185218535762502
Russia,2001,-0.027955773268352857,0,0,177.0666666666667,-0.06290405049749204
Russia,2002,-0.03960519901139925,1,1,179.875,-0.12011020438309927
Russia,2003,-0.0716221467460721,1,1,183.95833333333337,-0.0866170552179586
Russia,2004,-0.0898771033661833,0,0,188.88333333333333,-0.0551081290357498
Russia,2005,-0.08727846287893588,0,0,195.29166666666663,-0.0104691073440204
Russia,2006,-0.05073143053257626,0,0,201.59166666666667,0.03210382363151432
Russia,2007,-0.011157804249418627,0,0,207.34241666666665,0.00040758101236626487
Russia,2008,0.007347432433286727,0,0,215.3025,-0.016641370170308534
Russia,2009,0.005290011491190683,0,0,214.537,-0.028366225887126006
Russia,2010,-0.014866671681689425,0,0,218.0555,0.02379811163102552
Russia,2011,-0.00706982814213634,0,0,224.9391666666667,0.019169916107721008
Russia,2012,0.004867267283873507,0,0,229.59391666666667,0.047836940157715446
Russia,2013,0.030268322632153993,0,0,232.95708333333337,0.07929385712408177
Russia,2014,0.04876690446317274,0,0,236.73616666666663,-0.02144367102255451
Russia,2015,0.03522904208641423,0,0,237.017,-0.005895374480676452
Russia,2016,0.017318270540283603,0,0,240.00716666666665,0.01939676548655278
Russia,2017,-0.002647426672226061,0,0,245.11958333333337,-0.04181922954238537
Russia,2018,-0.009439279512169682,0,0,251.10683333333336,0.00018894662314039579
Russia,2019,-0.007411172477564065,1,1,255.65741666666668,-0.09672815045359506
Russia,2020,-0.04611947779094668,1,4,258.8111666666667,-0.0006245446231929463
Russia,2021,-0.03238791615121587,1,3,270.96975000000003,0.022852255387448395
Russia,2022,-0.024833479896446537,1,1,292.6549166666667,0.031653283626370765
Russia,2023,0.017960331463542072,1,2,304.7015833333333,-0.02455458228264007
South Korea,2000,0.10355023055997847,0,0,172.20000000000002,0.0709886167961038
South Korea,2001,0.08726942367804114,0,0,177.0666666666667,0.04919203842314701
South Korea,2002,0.07457696192640977,1,1,179.875,0.018557689573635017
South Korea,2003,0.046246114930961944,1,1,183.95833333333337,0.01651555840208907
South Korea,2004,0.0280884287996237,0,0,188.88333333333333,0.10088633611311693
South Korea,2005,0.045319861362947,0,0,195.29166666666663,0.05552680626952089
South Korea,2006,0.057642900261575626,0,0,201.59166666666667,0.10246493116354927
South Korea,2007,0.08629269118206236,0,0,207.34241666666665,0.08245241167252182
South Korea,2008,0.080148049701864,0,0,215.3025,-0.03956554046723326
South Korea,2009,0.04845060078961261,0,0,214.537,0.01646727336419218
South Korea,2010,0.01978471485649358,0,0,218.0555,-0.014501167281137484
South Korea,2011,-0.012533144794726189,0,0,224.9391666666667,-0.02334246283037622
South Korea,2012,-0.007125452249107174,0,0,229.59391666666667,-0.03721386475546673
South Korea,2013,-0.025019164955660145,0,0,232.95708333333337,-0.06585710676584888
South Korea,2014,-0.042137811450563945,0,0,236.73616666666663,-0.04335292444047312
South Korea,2015,-0.048807965320596246,0,0,237.017,-0.039179407271088706
South Korea,2016,-0.049463146159136905,0,0,240.00716666666665,-0.07259983730977382
South Korea,2017,-0.05171072300711188,0,0,245.11958333333337,-0.043169476262141515
South Korea,2018,-0.05164957361433468,0,0,251.10683333333336,-0.047844200251160984
South Korea,2019,-0.05453783794102544,1,1,255.65741666666668,-0.23212289274927045
South Korea,2020,-0.10771218975419099,1,4,258.8111666666667,0.031505733701932215
South Korea,2021,-0.08282045309949974,1,3,270.96975000000003,0.07312776988004366
South Korea,2022,-0.042496463055764856,0,0,292.6549166666667,-0.01604705913660176
South Korea,2023,0.029528814815124704,1,1,304.7015833333333,-0.02003765456529294
Ukraine,2000,0.13196112273892435,0,0,172.20000000000002,0.13960250178352407
Ukraine,2001,0.1357818122612242,0,0,177.0666666666667,-0.05863343924985731
Ukraine,2002,0.07097672842419704,1,1,179.875,-0.03240342405465935
Ukraine,2003,0.016188546159669137,1,1,183.95833333333337,-0.09028291753024487
Ukraine,2004,-0.06043992694492051,0,0,188.88333333333333,-0.014301673907529455
Ukraine,2005,-0.04566267183081122,0,0,195.29166666666663,-0.06464933060081268
Ukraine,2006,-0.05641130734619567,0,0,201.59166666666667,0.012918558991557028
Ukraine,2007,-0.022010815172261704,0,0,207.34241666666665,0.001166180890182389
Ukraine,2008,-0.01685486357302442,0,0,215.3025,0.006389798098770605
Ukraine,2009,0.006824845993503341,0,0,214.537,-0.08706401826566612
Ukraine,2010,-0.026502679758904375,0,0,218.0555,-0.030791399859714907
Ukraine,2011,-0.03715520667553681,0,0,224.9391666666667,-0.029754261081792244
Ukraine,2012,-0.04920322640239109,0,0,229.59391666666667,-0.017603704418248434
Ukraine,2013,-0.02604978845325186,0,0,232.95708333333337,0.05772746865528244
Ukraine,2014,0.003456501051747255,0,0,236.73616666666663,0.07989390922076556
Ukraine,2015,0.04000589115259986,0,0,237.017,0.07839299599886651
Ukraine,2016,0.07200479129163817,0,0,240.00716666666665,0.0592964067743198
Ukraine,2017,0.07252777066465062,0,0,245.11958333333337,0.012883455706187874
Ukraine,2018,0.05019095282645806,0,0,251.10683333333336,-0.028039220064393078
Ukraine,2019,0.014713547472038199,1,1,255.65741666666668,-0.08801719645800254
Ukraine,2020,-0.034390986938735914,1,4,258.8111666666667,0.05373424613438704
Ukraine,2021,-0.02077405679600286,1,3,270.96975000000003,0.12146984289070328
Ukraine,2022,0.029062297522362595,1,1,292.6549166666667,0.05218575317057006
Ukraine,2023,0.07579661406522013,1,2,304.7015833333333,0.07201167266347674
Vietnam,2000,-0.11392904200753495,0,0,172.20000000000002,0.22452736096470716
Vietnam,2001,0.0552991594785861,0,0,177.0666666666667,0.07275242266628723
Vietnam,2002,0.06111691387448648,1,1,179.875,0.1507861513668649
Vietnam,2003,0.1493553116659531,1,1,183.95833333333337,0.14803860647034028
Vietnam,2004,0.12385906016783081,0,0,188.88333333333333,0.22521225475761142
Vietnam,2005,0.1746790041982722,0,0,195.29166666666663,0.2723376240815121
Vietnam,2006,0.21519616176982126,0,0,201.59166666666667,0.37348123389161536
Vietnam,2007,0.29034370424357964,0,0,207.34241666666665,0.3800176586797601
Vietnam,2008,0.34194550555096254,0,0,215.3025,0.022287407964549644
Vietnam,2009,0.25859543351197506,0,0,214.537,0.12702767789842184
Vietnam,2010,0.17644424818091053,0,0,218.0555,0.044918910408259904
Vietnam,2011,0.0647446654237438,0,0,224.9391666666667,0.033220610923331506
Vietnam,2012,0.06838906641000442,0,0,229.59391666666667,0.02944179358578758
Vietnam,2013,0.035860438305792997,0,0,232.95708333333337,0.12156246869222365
Vietnam,2014,0.06140829106711424,0,0,236.73616666666663,0.13383179616887375
Vietnam,2015,0.09494535281562833,0,0,237.017,0.047224851004346036
Vietnam,2016,0.10087303862181447,0,0,240.00716666666665,0.08074867794929652
Vietnam,2017,0.08726844170750543,0,0,245.11958333333337,0.0027505816138848616
Vietnam,2018,0.04357470352250914,0,0,251.10683333333336,-0.025536482815688544
Vietnam,2019,0.019320925582497612,1,1,255.65741666666668,-0.0945912558889006
Vietnam,2020,-0.03912571903023476,1,4,258.8111666666667,-0.04336594850797937
Vietnam,2021,-0.05449789573752284,1,3,270.96975000000003,0.05572511434906957
Vietnam,2022,-0.02741069668260347,0,0,292.6549166666667,0.007551325515660068
Vietnam,2023,0.0066368304522500905,1,1,304.7015833333333,0.1479291937534839
