country,fiscal_year,f1_visas_issued
Nigeria,1997,743
Afghanistan,1997,13
China,1997,11909
India,1997,10532
Iran,1997,365
Iraq,1997,36
Israel,1997,1806
Japan,1997,35157
South Korea,1997,36188
Nepal,1997,920
Vietnam,1997,1153
Russia,1997,4159
Ukraine,1997,712
Canada,1997,161
Mexico,1997,9362
Brazil,1997,12293
Nigeria,1998,870
Afghanistan,1998,22
China,1998,13958
India,1998,12154
Iran,1998,369
Iraq,1998,39
Israel,1998,1822
Japan,1998,34063
South Korea,1998,21271
Nepal,1998,1144
Vietnam,1998,1193
Russia,1998,4359
Ukraine,1998,784
Canada,1998,178
Mexico,1998,8598
Brazil,1998,14812
Nigeria,1999,982
Afghanistan,1999,22
China,1999,16303
India,1999,15286
Iran,1999,450
Iraq,1999,32
Israel,1999,1772
Japan,1999,33762
South Korea,1999,20883
Nepal,1999,800
Vietnam,1999,886
Russia,1999,2818
Ukraine,1999,623
Canada,1999,203
Mexico,1999,7683
Brazil,1999,13985
Nigeria,2000,1098
Afghanistan,2000,17
China,2000,21586
India,2000,20469
Iran,2000,658
Iraq,2000,33
Israel,2000,1684
Japan,2000,32661
South Korea,2000,27520
Nepal,2000,986
Vietnam,2000,930
Russia,2000,2234
Ukraine,2000,638
Canada,2000,182
Mexico,2000,7840
Brazil,2000,12452
Nigeria,2001,1995
Afghanistan,2001,28
China,2001,25218
India,2001,24106
Iran,2001,858
Iraq,2001,33
Israel,2001,1474
Japan,2001,32237
South Korea,2001,28977
Nepal,2001,1254
Vietnam,2001,1076
Russia,2001,1979
Ukraine,2001,734
Canada,2001,189
Mexico,2001,7779
Brazil,2001,12524
Nigeria,2002,2465
Afghanistan,2002,21
China,2002,21784
India,2002,20771
Iran,2002,295
Iraq,2002,5
Israel,2002,1258
Japan,2002,25036
South Korea,2002,26670
Nepal,2002,1461
Vietnam,2002,1523
Russia,2002,1571
Ukraine,2002,523
Canada,2002,194
Mexico,2002,8074
Brazil,2002,8335
Nigeria,2003,2100
Afghanistan,2003,27
China,2003,16169
India,2003,19152
Iran,2003,272
Iraq,2003,11
Israel,2003,1141
Japan,2003,24825
South Korea,2003,28695
Nepal,2003,1632
Vietnam,2003,1390
Russia,2003,1473
Ukraine,2003,577
Canada,2003,168
Mexico,2003,8593
Brazil,2003,7066
Nigeria,2004,1957
Afghanistan,2004,42
China,2004,18089
India,2004,18309
Iran,2004,349
Iraq,2004,21
Israel,2004,1053
Japan,2004,24562
South Korea,2004,29673
Nepal,2004,1464
Vietnam,2004,1827
Russia,2004,1535
Ukraine,2004,567
Canada,2004,190
Mexico,2004,8052
Brazil,2004,6683
Nigeria,2005,1995
Afghanistan,2005,65
China,2005,21642
India,2005,20173
Iran,2005,468
Iraq,2005,46
Israel,2005,1079
Japan,2005,24554
South Korea,2005,35310
Nepal,2005,1968
Vietnam,2005,2404
Russia,2005,2212
Ukraine,2005,628
Canada,2005,153
Mexico,2005,8069
Brazil,2005,5845
Nigeria,2006,1658
Afghanistan,2006,118
China,2006,28444
India,2006,26342
Iran,2006,646
Iraq,2006,90
Israel,2006,1189
Japan,2006,23417
South Korea,2006,42681
Nepal,2006,3401
Vietnam,2006,3718
Russia,2006,2427
Ukraine,2006,605
Canada,2006,172
Mexico,2006,7885
Brazil,2006,5926
Nigeria,2007,2259
Afghanistan,2007,137
China,2007,39535
India,2007,34471
Iran,2007,799
Iraq,2007,135
Israel,2007,1170
Japan,2007,21900
South Korea,2007,45915
Nepal,2007,3216
Vietnam,2007,6152
Russia,2007,2993
Ukraine,2007,668
Canada,2007,191
Mexico,2007,7778
Brazil,2007,7418
Nigeria,2008,2377
Afghanistan,2008,152
China,2008,56258
India,2008,36149
Iran,2008,1046
Iraq,2008,209
Israel,2008,1229
Japan,2008,19876
South Korea,2008,50078
Nepal,2008,4708
Vietnam,2008,9216
Russia,2008,4048
Ukraine,2008,710
Canada,2008,179
Mexico,2008,7538
Brazil,2008,10556
Nigeria,2009,2722
Afghanistan,2009,190
China,2009,81842
India,2009,26890
Iran,2009,1784
Iraq,2009,204
Israel,2009,1142
Japan,2009,16423
South Korea,2009,39040
Nepal,2009,1997
Vietnam,2009,7633
Russia,2009,3998
Ukraine,2009,629
Canada,2009,175
Mexico,2009,6281
Brazil,2009,9160
Nigeria,2010,3635
Afghanistan,2010,183
China,2010,113772
India,2010,25783
Iran,2010,1761
Iraq,2010,238
Israel,2010,952
Japan,2010,15014
South Korea,2010,44328
Nepal,2010,1389
Vietnam,2010,8681
Russia,2010,4505
Ukraine,2010,766
Canada,2010,180
Mexico,2010,7158
Brazil,2010,10532
Nigeria,2011,3377
Afghanistan,2011,205
China,2011,153026
India,2011,25649
Iran,2011,2475
Iraq,2011,292
Israel,2011,999
Japan,2011,16811
South Korea,2011,45638
Nepal,2011,1364
Vietnam,2011,9456
Russia,2011,5239
Ukraine,2011,747
Canada,2011,349
Mexico,2011,8464
Brazil,2011,14408
Nigeria,2012,3316
Afghanistan,2012,181
China,2012,189402
India,2012,23446
Iran,2012,3024
Iraq,2012,335
Israel,2012,964
Japan,2012,18669
South Korea,2012,39159
Nepal,2012,1125
Vietnam,2012,10343
Russia,2012,5846
Ukraine,2012,691
Canada,2012,245
Mexico,2012,8240
Brazil,2012,15506
Nigeria,2013,4132
Afghanistan,2013,241
China,2013,217593
India,2013,36141
Iran,2013,3021
Iraq,2013,419
Israel,2013,1072
Japan,2013,18837
South Korea,2013,33584
Nepal,2013,1345
Vietnam,2013,10867
Russia,2013,6278
Ukraine,2013,757
Canada,2013,222
Mexico,2013,8009
Brazil,2013,14890
Nigeria,2014,5187
Afghanistan,2014,270
China,2014,244927
India,2014,56653
Iran,2014,3280
Iraq,2014,348
Israel,2014,1022
Japan,2014,18258
South Korea,2014,29324
Nepal,2014,2132
Vietnam,2014,14674
Russia,2014,6214
Ukraine,2014,956
Canada,2014,241
Mexico,2014,8931
Brazil,2014,14371
Nigeria,2015,6054
Afghanistan,2015,243
China,2015,274460
India,2015,74831
Iran,2015,3241
Iraq,2015,347
Israel,2015,1101
Japan,2015,17203
South Korea,2015,27324
Nepal,2015,4309
Vietnam,2015,17674
Russia,2015,4987
Ukraine,2015,1163
Canada,2015,296
Mexico,2015,17636
Brazil,2015,14344
Nigeria,2016,6758
Afghanistan,2016,237
China,2016,148016
India,2016,62537
Iran,2016,2650
Iraq,2016,393
Israel,2016,1041
Japan,2016,16668
South Korea,2016,25355
Nepal,2016,5928
Vietnam,2016,15680
Russia,2016,4776
Ukraine,2016,1057
Canada,2016,365
Mexico,2016,11678
Brazil,2016,10978
Nigeria,2017,6642
Afghanistan,2017,156
China,2017,112817
India,2017,44741
Iran,2017,2201
Iraq,2017,207
Israel,2017,973
Japan,2017,15982
South Korea,2017,22856
Nepal,2017,3579
Vietnam,2017,17032
Russia,2017,4646
Ukraine,2017,973
Canada,2017,304
Mexico,2017,7629
Brazil,2017,12178
Nigeria,2019,4436
Afghanistan,2019,142
China,2019,105775
India,2019,43714
Iran,2019,1674
Iraq,2019,145
Israel,2019,1072
Japan,2019,13712
South Korea,2019,21071
Nepal,2019,1661
Vietnam,2019,16586
Russia,2019,4845
Ukraine,2019,764
Canada,2019,324
Mexico,2019,5838
Brazil,2019,12279
Nigeria,2018,5365
Afghanistan,2018,154
China,2018,98904
India,2018,42694
Iran,2018,1433
Iraq,2018,193
Israel,2018,1014
Japan,2018,14413
South Korea,2018,20959
Nepal,2018,1829
Vietnam,2018,16061
Russia,2018,4350
Ukraine,2018,816
Canada,2018,295
Mexico,2018,7015
Brazil,2018,13288
Nigeria,2020,1233
Afghanistan,2020,48
China,2020,14436
India,2020,15323
Iran,2020,528
Iraq,2020,75
Israel,2020,350
Japan,2020,5357
South Korea,2020,9450
Nepal,2020,401
Vietnam,2020,5716
Russia,2020,1291
Ukraine,2020,430
Canada,2020,64
Mexico,2020,3093
Brazil,2020,3618
Nigeria,2021,6311
Afghanistan,2021,153
China,2021,90310
India,2021,80451
Iran,2021,1967
Iraq,2021,111
Israel,2021,1085
Japan,2021,6383
South Korea,2021,15890
Nepal,2021,3210
Vietnam,2021,6707
Russia,2021,2491
Ukraine,2021,1106
Canada,2021,151
Mexico,2021,7496
Brazil,2021,7644
Nigeria,2022,7547
Afghanistan,2022,385
China,2022,61894
India,2022,115115
Iran,2022,3567
Iraq,2022,182
Israel,2022,1122
Japan,2022,11460
South Korea,2022,18066
Nepal,2022,6175
Vietnam,2022,12330
Russia,2022,3119
Ukraine,2022,1326
Canada,2022,141
Mexico,2022,7766
Brazil,2022,9806
Nigeria,2023,7466
Afghanistan,2023,298
China,2023,85950
India,2023,130730
Iran,2023,3743
Iraq,2023,234
Israel,2023,1244
Japan,2023,9692
South Korea,2023,16105
Nepal,2023,5727
Vietnam,2023,14575
Russia,2023,2988
Ukraine,2023,796
Canada,2023,165
Mexico,2023,7234
Brazil,2023,8310
Nigeria,2024,6175
Afghanistan,2024,344
China,2024,82654
India,2024,86067
Iran,2024,2144
Iraq,2024,188
Israel,2024,1249
Japan,2024,8775
South Korea,2024,14786
Nepal,2024,13184
Vietnam,2024,18454
Russia,2024,2721
Ukraine,2024,810
Canada,2024,242
Mexico,2024,6422
Brazil,2024,7431
